id,firstname,surname,email,nationality
1,Koby,Dare,Astrid@salma.com,UK
2,Kelli,Dicki,Ivory@ashtyn.me,UK
3,Golden,Carter,Ari@flo.tv,UK
4,Emory,Koch,Gene_Hilpert@laurie.io,UK
5,Marjorie,Kilback,Antonia.Hauck@giuseppe.tv,"Dominican Republic"
6,Ernest,Hoeger,Maritza_Mann@abelardo.tv,Panama
7,Rebecca,Hudson,Reynold_Ferry@bennett.us,Chile
8,Josefina,Hirthe,Augustine@cassie.tv,Kyrgyzstan
9,Wanda,Ebert,Amina.Farrell@charlie.net,Palau
10,Burnice,Denesik,Tyrese@don.ca,Kuwait
11,Harold,Moen,Neil@merlin.name,"Vatican City"
12,Brennon,Spencer,Alexandria@eva.io,Cambodia
13,Stanley,Ziemann,Micaela@millie.info,Azerbaijan
14,Forest,Rempel,Chyna_Nolan@elody.org,Seychelles
15,Gregory,Zboncak,Annamae_Runte@soledad.us,Kazakhstan
16,Valentine,Weimann,Jeromy_Blick@katrine.biz,"Turks and Caicos Islands"
17,Alexandria,Waelchi,Everette_Torphy@halle.biz,"People's Democratic Republic of Yemen"
18,Florian,Altenwerth,Adelbert.Ryan@francisca.org,"Wake Island"
19,Faye,Zieme,Joannie.Brown@sigurd.co.uk,Guatemala
20,Raleigh,Beatty,Alessandra_Hayes@jamal.biz,"British Antarctic Territory"
21,Dolly,Kuhic,Sonny@golda.net,Paraguay
22,Mikel,Koepp,Rosella@cruz.biz,Liberia
23,May,Pfannerstill,Dave@carlee.me,"Puerto Rico"
24,Otho,Douglas,Walter@karley.biz,Denmark
25,Napoleon,Conroy,Charley.Orn@frances.co.uk,Afghanistan
26,Elza,Doyle,Isobel@simone.biz,Liechtenstein
27,Maci,Schulist,Reginald.Klein@keshawn.name,"United States"
28,Kyler,Hansen,Lorine@rebeka.com,Canada
29,Jean,Conn,Zackary.Dickinson@gonzalo.info,Kiribati
30,Reilly,Yost,Herman@avis.me,"South Africa"
31,Shad,Quigley,Roy@judah.com,Bhutan
32,Beatrice,Quitzon,Jana@herta.name,Timor-Leste
33,Lonny,Langworth,Sophia.Paucek@jamir.net,"New Zealand"
34,Rosalinda,Kiehn,Gia@nestor.us,"Dominican Republic"
35,Rebekah,Parker,Faustino@shane.us,Kyrgyzstan
36,Rhoda,Kuhlman,Roel@kianna.net,Gibraltar
37,Judd,Cruickshank,Bell@buddy.co.uk,"Macau SAR China"
38,Sarah,Yundt,Marcia@noe.org,"Papua New Guinea"
39,Russ,Pacocha,Shakira_Kessler@moriah.co.uk,Greenland
40,Kali,Purdy,Ignatius@madison.info,Mauritania
41,Janick,Block,Lamont@david.info,Belarus
42,Ford,Waelchi,Marta.Grimes@malinda.org,Paraguay
43,Francesca,Batz,Janie.Klocko@dallin.net,"Netherlands Antilles"
44,Lukas,Rogahn,Gage.Willms@ruben.me,"Cape Verde"
45,Wilhelmine,Funk,Daphne@darryl.biz,Zimbabwe
46,Jude,Nader,Payton@rupert.org,"Panama Canal Zone"
47,Frankie,Stroman,Saul@gia.name,"Saint Martin"
48,Mina,Jaskolski,Amos_Effertz@jennie.info,Bermuda
49,Mack,Zieme,Martin@isabelle.com,Uzbekistan
50,Celestine,Tromp,Loy@evalyn.us,Peru
51,Zella,Nitzsche,Bridgette@gordon.us,"New Zealand"
52,Ila,Kuphal,Terrance.Rowe@mario.co.uk,Maldives
53,Eda,Cruickshank,Abelardo@elza.ca,Jamaica
54,Jaylen,Koepp,Norbert@kristian.io,Monaco
55,Kristina,Kohler,Aidan@nona.name,Russia
56,Sean,Ondricka,Kristin.Rolfson@madelyn.tv,"Turks and Caicos Islands"
57,Estelle,Leuschke,Chauncey.Hoeger@jeramie.tv,Niue
58,Roselyn,Funk,Korbin@hallie.io,Djibouti
59,Kariane,Romaguera,Jocelyn_Fadel@lauryn.com,Djibouti
60,Adrian,Nitzsche,Markus.Gulgowski@nicolas.tv,Guernsey
61,Maggie,Windler,Shayna.Lesch@donny.io,Guernsey
62,Ken,Blanda,Modesta_Aufderhar@belle.co.uk,"French Southern Territories"
63,Antone,Reilly,Ford@garfield.name,Yemen
64,Yadira,Cassin,Anastacio@murray.net,Mayotte
65,Marge,Macejkovic,Retha@griffin.me,Slovakia
66,Rogers,Feest,Keshawn_Kuvalis@orlando.name,Monaco
67,Candelario,Fadel,Kailee_Casper@reina.me,Belarus
68,Eldridge,Shields,Rachel_Block@olin.info,"Neutral Zone"
69,Lavina,Romaguera,Cathrine@virgie.us,"Canton and Enderbury Islands"
70,Matt,Hessel,Skyla@gonzalo.net,"Czech Republic"
71,Barrett,Donnelly,Sheila.Abshire@david.io,"South Korea"
72,Betty,Hagenes,Linda@monte.me,Samoa
73,Alphonso,Schmeler,Raphael_Senger@vernon.biz,Palau
74,Selmer,Shields,Michelle.Rice@pat.me,Samoa
75,Earl,Kemmer,Terry.Rau@brennan.com,Niger
76,Sharon,Kunde,Julius@isabell.io,"French Guiana"
77,Jeffry,Jacobs,Juliana.Stanton@magnolia.ca,Albania
78,Eliane,Ritchie,Kaleigh.Durgan@verner.us,Chad
79,Howard,Erdman,Arthur_Stroman@quinn.com,"Puerto Rico"
80,Lance,Schimmel,Dovie.Williamson@alycia.org,Serbia
81,Elliott,Tillman,Bethel@jess.com,Botswana
82,Emanuel,Boyle,Claude@brent.us,Tokelau
83,Norma,Feest,Abdullah.Terry@leonardo.net,Georgia
84,Jenifer,O'Conner,Virgie@robert.name,Nepal
85,Lilliana,Towne,Henri@breana.org,"New Caledonia"
86,Verner,Padberg,Florencio@barney.com,Seychelles
87,Adelia,Stiedemann,Jessika.Nader@glennie.name,Greece
88,Tristin,Turcotte,Joyce_Jaskolski@emmalee.name,Nauru
89,Cooper,Pouros,Chase_Kub@emely.us,Micronesia
90,Judy,Romaguera,Charlotte@earl.info,Australia
91,Maxie,Tremblay,Annamae.Upton@roma.biz,"French Guiana"
92,Akeem,Barrows,Wellington@mara.ca,Mozambique
93,Florencio,Funk,Kenna@vicky.us,Malawi
94,Margarita,Welch,Wellington_Cormier@novella.tv,Ethiopia
95,Helmer,Legros,Ubaldo@bessie.us,"Antigua and Barbuda"
96,Carole,Labadie,Josh@kelvin.io,Martinique
97,Desiree,Klein,Isidro_Homenick@jerald.biz,Nepal
98,Eloy,Kuvalis,Annabelle_Okuneva@christelle.com,"Panama Canal Zone"
99,Lucinda,Macejkovic,Ada_Wuckert@kirk.us,Austria
100,Emilia,Bosco,Yasmin@darwin.us,"São Tomé and Príncipe"
